EL1: Electronic Ladder,A1: Fresh_M,B1: Fresh_F
0,0,0
0.02077436,0,0
0.003890991,0,0
0.004443645,0,0
0,0,0
0.001514435,0,0
0,0,0
0,0,0
0.01468706,0,0
0,0,0
0,0,0
0.04919553,0,0
0.07778025,0,0
0.06287456,0,0
0.143337,0,0
0.3017426,0,0
0.3133645,0,0
0.5862446,0,0
0.6384296,0,0
0.623435,0,0
0.7074766,0,0
0.7385635,0,0
0.6728959,0,0
0.53194,0,0
0.603312,0,0
0.523931,0,0
0.4217887,0,0
0.5978866,0,0
0.5986304,0,0
0.463788,0,0
0.5425901,0,0
0.5230641,0,0
0.4018135,0,0
0.447835,0,0
0.4380507,0,0
0.3837314,0,0
0.4111743,0,0
0.4198155,0,0
0.2100549,0,0
0.1311512,0,0
0.1020811,0,0
0.002857685,0,0
0,0,0
0,0,0
0,0,0
0.08973789,0,0
0.1419425,0,0
0.0909667,0,0
0.1482263,0,0
0.2121367,0,0
0.01945496,0.006643772,0
0,0,0
0,0,0
0,0,0
0.08420372,0,0
0.03852177,0,0
0.1143756,0,0.04631543
0.2220144,0.03929114,0.06327128
0.4593344,0,0.1051428
0.3339543,0,0.1794994
0.2182727,0,0.2110941
0.2291179,0.07588863,0.2547028
0.2393465,0.1995592,0.3072784
0.2078538,0.2274756,0.2554677
0.1527991,0.2242181,0.1923563
0,0.2382033,0.2001231
0.02681494,0.2073362,0.1988046
0,0.2744737,0.0647285
0,0.196352,0.01491547
0,0.1033397,0
0.004436493,0.1906872,0
0.1063318,0.229389,0
0.03486204,0.2217727,0.02297425
0.07004738,0.1869156,0.02412486
0.1939974,0.1337852,0.07227325
0.2114682,0.1518226,0.09801984
0.3254375,0.09326363,0.1199863
0.3272204,0.1134109,0.0340662
0.3582625,0.0444777,0.05891013
0.6224704,0.01271558,0.01910329
0.6738214,0.2028162,0
0.6119556,0.1189365,0
0.3347888,0.07468963,0.02784538
0.1531692,0.09621596,0.1689854
0.07856035,0.1162779,0.3189065
0.02700949,0.2194278,0.3052144
0,0.2201695,0.304867
0,0.212997,0.2997289
0,0.2592967,0.3233488
0,0.3377683,0.3060348
0.04109764,0.4920762,0.217586
0,0.4332607,0.1995645
0.02638292,0.3880847,0.2180777
0.06229401,0.3571727,0.2059214
0.04121494,0.2518096,0.1100891
0,0.1721218,0
0,0.05656171,0
0,0,0
0,0.01738572,0.09216928
0,0.09091783,0.1055639
0,0.07133722,0.183892
0,0.03531623,0.2447786
0,0.0458827,0.2025239
0,0.131942,0.1118345
0,0.176317,0.02967119
0,0.2847474,0.03409672
0.3040228,0.4247551,0.04766941
1.405515,0.5208721,0
2.834507,0.5472736,0
4.043449,0.576088,0
5.409372,0.4653282,0
7.060751,0.3709674,0.06387043
9.01142,0.2456374,0.07894325
11.38547,0.2618072,0.1510358
14.12005,0.1945617,0.1798635
17.26014,0.1100416,0.2333117
20.97051,0.05754781,0.1379089
25.3254,0.0194571,0.1370225
30.42628,0,0.1705542
36.0128,0,0.1418772
42.3921,0,0.05414724
49.75721,0,0
58.11675,0.04228735,0.02101183
67.09781,0.2380404,0.0141902
76.59318,0.1738133,0
86.53235,0.09953928,0
96.71154,0.01578426,0
107.3292,0.04452515,0
118.0085,0,0
128.5506,0,0.03174257
138.9781,0,0
148.6813,0,0
158.0438,0,0
165.8421,0,0
172.4071,0.1056271,0.01491547
177.1938,0.1619701,0.08975315
180.721,0.1060472,0.04496479
182.7976,0.1288781,0
184.0034,0.03832388,0
183.7612,0,0
182.0963,0,0
179.2551,0.0268054,0
175.4089,0,0
169.8648,0,0.03418589
163.6694,0,0
156.3133,0,0
148.2467,0,0
139.6879,0,0
131.4263,0,0
122.399,0,0
113.4277,0,0
104.7552,0,0
96.02428,0,0.008738041
87.56607,0,0.01055956
79.93262,0,0
72.51277,0,0
65.42696,0.05247211,0
58.7887,0,0
53.03083,0,0
47.41869,0,0
42.51573,0,0
38.00323,0,0
34.11943,0,0
30.83343,0,0
28.08009,0,0
25.57552,0,0
23.51604,0,1.587093
21.80286,0.2120676,4.054163
20.47512,2.441386,7.576742
19.14278,5.81319,12.73309
18.04222,10.19691,19.70755
16.84309,16.63014,29.07709
16.03548,25.44959,41.25591
15.28468,36.99072,56.57604
14.43121,51.66619,75.19687
13.87171,69.96485,98.02654
13.48894,91.99065,124.3899
13.46001,117.6721,155.0703
13.14586,147.5461,188.6853
12.79887,180.7413,225.2566
12.60898,216.7844,264.5563
12.22836,255.241,305.7748
11.97549,292.5387,346.5979
11.68075,330.3756,384.5909
11.16488,367.3462,419.9178
10.84782,401.0422,450.6165
10.45394,430.0945,475.0646
10.1925,454.601,494.0036
9.845958,473.1161,506.4132
9.430903,484.5772,508.873
9.227633,489.0886,505.224
8.951421,485.651,493.5576
8.649407,471.2361,474.472
8.43328,451.3476,448.2653
8.136649,425.0749,417.9402
7.748421,393.8654,383.8019
7.452363,359.864,347.6486
7.086936,324.3049,311.962
6.854991,288.5315,277.4016
6.527324,254.7929,242.4064
6.17592,223.3609,211.2895
5.929846,194.4618,182.2855
5.731161,167.2078,157.0286
5.530811,143.6685,134.7484
5.314283,123.122,115.7944
5.039759,106.2861,99.9162
4.879637,92.10962,86.27814
4.533747,79.81366,75.03635
4.246821,70.15412,65.84329
3.987095,62.46091,58.44647
3.707324,56.05426,52.26663
3.459528,50.95636,47.37397
3.27951,47.04204,43.48139
3.214552,43.57716,40.14072
3.010284,40.53048,37.41436
3.008267,37.90565,35.15287
2.798151,35.46462,33.04522
2.634225,33.33167,31.06642
2.382677,31.48348,29.14474
2.227367,29.64988,27.2882
2.095788,28.08289,25.46601
1.843846,26.54745,23.89161
1.697485,25.16427,22.31702
1.858475,23.75504,20.70344
1.811575,22.40938,19.37525
1.964374,21.12943,18.09846
1.901066,19.83622,16.92924
1.778781,18.73609,15.87995
1.556797,17.7961,14.95422
1.403651,16.80615,14.04168
1.308333,16.05104,13.20244
1.10693,15.336,12.53445
1.049143,14.71959,11.90685
1.241197,14.18165,11.36771
1.354727,13.71943,11.01783
1.502384,13.35362,10.69535
1.519122,13.00032,10.49668
1.324928,12.84738,10.25462
1.076735,12.67919,10.12757
0.9952097,12.51439,10.03045
0.8940001,12.56989,10.00781
0.725214,12.70513,10.04865
0.6926012,12.74085,10.18935
0.6888208,12.88203,10.5115
0.7387056,13.05832,10.76123
0.8532467,13.27674,11.0775
0.7408857,13.46996,11.34747
0.7472887,13.76864,11.66505
0.8692646,13.83777,12.03115
1.168772,14.13311,12.34616
1.190784,14.49521,12.80118
1.200372,14.88327,13.20903
1.114477,15.29199,13.66438
0.9727325,15.74751,14.2923
0.8234692,16.20169,14.81969
0.8036432,16.59379,15.3199
0.7431259,16.98236,15.70838
0.7612772,17.32792,16.27853
1.037474,17.50527,16.61938
1.257266,17.87207,16.90987
1.272376,18.11257,17.1563
1.354032,18.27912,17.22042
1.327152,18.40728,17.31324
1.441128,18.58011,17.43557
1.437162,18.76753,17.50791
1.53565,18.97999,17.52065
1.483832,19.25332,17.49724
1.313531,19.37139,17.5681
1.350208,19.54438,17.48324
1.262451,19.86169,17.42433
1.230331,20.29306,17.39519
1.182846,20.76551,17.40392
1.293417,21.32448,17.5182
1.43209,22.13256,17.71863
1.565934,23.07265,18.20574
1.778693,24.14043,18.67151
1.832576,25.54997,19.41322
1.958308,27.09052,20.34431
2.013226,29.0144,21.37149
1.900956,31.3589,22.80846
1.976776,34.16447,24.65624
1.942533,37.33263,26.76229
2.064632,40.99661,29.35845
2.001075,45.13614,32.3419
2.192392,49.82178,35.79482
2.310712,54.87231,39.57008
2.362311,60.64472,44.10545
2.456297,66.7954,49.00132
2.468528,73.51858,54.30762
2.466484,80.27868,60.10716
2.562199,87.16228,66.18872
2.688143,94.08369,72.27623
2.760905,100.9877,78.59502
2.684251,107.6468,84.68687
2.796084,114.0483,90.47987
2.842338,119.7505,95.71979
2.957272,124.7809,100.5822
3.109657,128.815,104.6099
3.35411,131.9142,107.7845
3.562705,133.4531,109.9831
3.711011,133.9198,110.8392
3.779229,133.3068,110.7215
3.873752,131.7052,109.7945
3.97186,129.0456,107.6639
4.120864,125.539,104.7085
4.407995,121.4813,100.9425
4.740877,116.8332,96.76901
5.183635,111.6428,92.06325
5.696602,106.2141,86.9079
6.020205,100.5645,81.5918
6.294484,95.04254,76.12898
6.550032,89.54522,70.80063
7.067249,84.38557,65.66345
7.607132,79.522,60.83234
7.999272,75.14002,56.36713
8.483399,71.49959,52.30434
9.100471,68.31961,48.61385
9.723855,65.44324,45.40095
10.54847,63.13654,42.6186
11.37495,61.21023,40.41782
12.50006,59.61352,38.65528
13.92115,58.22129,36.92795
15.43674,57.21941,35.705
17.24239,56.47987,34.84852
19.26184,55.94318,34.07839
21.67051,55.56242,33.53292
24.47736,55.56144,33.03785
27.67189,55.50456,32.62145
31.58931,55.81053,32.44287
35.96396,56.08167,32.30998
40.95355,56.50859,32.28224
46.12794,56.88509,32.0506
51.64317,57.49744,32.11876
57.59286,58.08102,32.22625
63.7354,58.675,32.53894
69.85553,59.48709,32.97613
75.89359,60.60918,33.4138
81.78076,61.87123,33.91257
87.19453,63.28999,34.77872
91.76865,64.77722,35.86032
95.54222,66.51541,37.06924
98.08273,68.44077,38.41817
99.29156,70.93379,40.01809
99.06339,73.50601,41.7679
97.45181,76.5827,43.79186
94.50578,80.35114,46.20206
90.77435,84.55219,49.00358
86.22996,89.27572,52.27483
80.70927,94.08836,56.08153
74.90852,99.13455,60.42224
68.94247,104.1232,65.09576
62.84081,108.8567,69.98358
56.55688,113.0308,74.73541
50.46388,116.2941,79.28349
44.74711,118.6464,83.32462
39.44721,119.8885,86.79718
34.87772,120.0201,89.50018
30.95333,119.0767,90.8849
27.34794,117.1677,91.21837
24.55551,114.4963,90.62471
22.37551,111.1344,88.96341
20.65787,107.486,86.56859
19.16058,103.4364,83.48413
18.21872,99.25217,80.10751
17.438,95.06479,76.25354
16.86738,91.02586,72.40082
16.64213,87.09769,68.62865
16.57688,83.50077,64.61884
16.45852,79.97216,60.97211
16.46589,76.51838,57.47982
16.63826,73.38354,54.21675
16.67247,70.49535,51.32367
16.84927,67.66633,48.65129
17.22406,65.0034,46.38051
17.14243,62.60659,44.24355
17.43853,60.32756,42.4001
17.82478,58.20814,40.8184
17.96032,56.50294,39.34235
18.25215,54.73901,38.07253
18.41615,53.5236,37.10654
18.5258,52.55811,36.2623
18.76223,52.04327,35.52408
19.05353,51.98691,35.07314
19.16386,52.18163,34.89732
19.16387,52.67175,34.94744
19.28988,53.28979,35.17776
19.35769,54.08937,35.56184
19.3758,54.91118,36.0938
19.57454,55.58871,36.68335
19.62598,56.39258,37.48183
19.78218,56.73838,37.96084
20.18354,56.88752,38.34565
20.41926,56.84055,38.68565
20.65388,56.18138,38.72015
21.04916,55.21034,38.48694
21.33175,53.83817,38.06807
21.92436,52.29814,37.48841
22.47783,50.69322,36.87706
23.19967,49.12489,36.2618
24.00547,47.78646,35.66546
24.92137,46.52512,35.12283
26.07762,45.37885,34.60471
27.05424,44.63908,34.24208
28.35841,43.94719,33.96119
29.94373,43.59718,33.81392
31.9086,43.4668,33.7967
34.26385,43.63353,33.88074
36.98215,44.12736,34.1468
40.44484,44.72102,34.51545
44.49338,45.53257,34.92789
49.04794,46.43491,35.56081
54.35099,47.70455,36.08202
60.32379,49.1487,36.97101
67.59665,50.70898,38.11357
76.28723,52.139,39.15725
86.51976,53.50585,40.21943
97.90131,54.37265,41.32404
110.6739,54.87498,42.39085
125.2747,54.82461,42.98154
140.65,54.2401,43.45861
156.6973,53.11031,43.59829
174.3146,51.73254,43.43795
192.1764,49.97539,43.1935
210.3529,48.21534,42.776
229.0379,46.28687,41.90543
247.1249,44.44274,41.06526
263.5541,42.65629,40.21521
278.7838,41.32244,39.2928
292.334,40.20104,38.20623
303.5136,39.20637,37.36561
312.692,38.54654,36.45797
320.2479,38.02898,35.76935
324.4709,37.70916,35.07077
325.13,37.57911,34.56276
321.8196,37.35457,34.0171
314.2173,37.1922,33.60992
301.6001,37.00204,33.18813
285.5716,36.70222,32.87382
266.1414,36.16294,32.49603
244.6514,35.68092,32.24616
222.0472,35.19808,31.95137
199.2599,34.53894,31.68435
177.1982,33.89649,31.38921
155.8681,33.24145,31.12007
135.7902,32.72448,30.87885
117.63,32.43817,30.71189
101.3451,32.29352,30.65062
87.3914,32.29448,30.82171
75.58495,32.40602,30.98061
65.88819,32.81641,31.51419
58.11989,33.15542,32.10843
52.0619,33.50262,32.77486
47.68968,33.74603,33.42008
44.34575,33.93068,33.88902
41.65612,34.15794,34.25952
39.66372,34.22052,34.68025
38.28231,34.23445,34.90956
36.87449,33.94675,34.91509
35.83654,33.42773,34.74147
34.94268,32.83138,34.46321
34.24714,32.10826,34.08246
33.63666,31.32,33.54924
33.13741,30.36965,32.76169
32.5499,29.63901,32.03071
31.83706,29.05681,31.32772
31.33617,28.64019,30.89615
30.74152,28.34665,30.3731
30.1513,28.04082,29.96869
29.65636,27.81606,29.58587
29.13369,27.52141,29.2643
29.03858,27.23402,29.09738
28.80333,26.88672,29.03549
28.68405,26.5314,28.90236
28.53453,26.26184,29.04534
28.3835,26.03044,29.24281
28.41796,25.94226,29.60815
28.3785,25.82717,30.0715
28.49684,25.65893,30.6114
28.68027,25.64842,31.136
28.8009,25.67137,31.75345
29.15866,25.74746,32.36438
29.19191,25.88547,32.83829
29.2986,26.07492,33.12666
29.56035,26.17055,33.36802
29.79193,26.2608,33.26427
29.99135,26.22757,32.96498
30.35151,26.05271,32.6222
30.71473,25.80759,32.2318
31.33374,25.65195,31.88803
31.8958,25.47537,31.5868
32.6011,25.00658,31.40064
33.20981,24.50102,31.21701
34.07283,24.04967,31.09954
35.05488,23.60684,31.16614
36.04663,23.19459,31.18403
36.83076,22.79924,31.1841
37.98085,22.40393,31.22609
39.08854,22.09647,31.39236
40.44449,21.84126,31.36235
41.66251,21.72679,31.23299
43.2342,21.33048,30.94463
44.89377,21.10159,30.64617
46.91675,21.04011,30.31507
48.89026,21.05313,30.11176
51.3625,21.05853,29.85434
55.00621,21.01314,29.7107
60.78937,20.85166,29.64983
67.45579,20.81897,29.84735
76.93469,20.65344,29.97713
89.78162,20.62613,30.05411
108.1065,20.54754,30.16716
132.5022,20.79341,30.39309
163.1454,21.25157,30.80898
200.3711,21.95486,31.34233
243.9467,22.81144,31.97617
291.2039,23.85692,32.90768
338.1341,25.10406,34.08209
378.441,26.39795,35.49388
410.5762,27.36979,36.91283
429.4778,28.24129,38.17834
434.5762,28.84188,39.30923
424.2587,29.13169,40.35599
401.0224,29.19653,41.11943
367.8916,28.92452,41.49213
328.8126,28.62363,41.55091
286.2986,28.28293,41.39155
243.6584,27.93928,41.32833
203.4726,27.34648,41.13134
168.3684,26.50688,40.90311
138.6168,25.52292,40.6429
115.0981,24.59087,40.41647
96.43207,23.58401,40.36633
83.11102,22.72721,40.13656
73.37795,21.67853,39.98505
66.56516,20.81668,40.00501
61.43027,20.07305,40.22048
57.54845,19.41494,40.66905
54.54342,18.76556,41.00745
52.24219,18.08532,41.021
50.74192,17.47832,40.818
49.5243,17.19648,40.2248
48.23606,16.98619,39.36852
47.05144,16.87334,38.13926
45.9033,16.66753,37.02652
44.80546,16.57217,36.01756
43.8345,16.41707,35.36645
42.99827,16.41909,35.13649
41.84529,16.57176,35.17274
41.15577,16.61436,35.44567
40.62458,16.64858,36.07764
40.24195,16.84393,36.76037
40.09595,16.78366,37.55354
40.08971,16.81132,38.47638
40.16565,16.74095,39.91231
40.27295,16.60782,41.68187
40.27584,16.45703,44.59318
40.3533,16.59782,49.13362
39.90576,16.90905,55.69786
39.52253,17.25703,64.86414
39.328,17.83634,76.76915
38.97767,18.43744,91.08562
38.9377,18.94327,106.5156
38.84604,19.36704,121.7692
38.8927,19.58771,135.1122
39.03972,19.63277,144.8575
39.08849,19.57456,150.6582
39.39025,19.50064,152.6927
39.43625,19.39523,151.5181
39.56673,19.24554,148.7949
39.79207,19.2166,146.0956
40.00423,19.25399,144.4061
40.51925,19.34565,143.8535
40.74812,19.24493,144.5803
41.04582,19.21227,145.4247
41.44083,19.1109,145.8388
41.66561,18.8723,145.0256
41.9361,18.57771,142.4574
42.04552,18.22771,137.7189
42.30717,17.86783,131.3645
42.51877,17.54161,123.6127
43.29195,17.37106,114.8331
44.16927,17.18323,105.8007
44.80107,16.90714,97.00743
45.88068,16.66397,88.4621
47.22343,16.45706,81.02643
48.34975,16.17517,74.36566
49.37782,15.90738,68.64197
50.39648,15.72828,63.69305
51.83561,15.54586,59.62674
52.99356,15.48444,56.107
54.57263,15.41305,53.11922
56.20294,15.40442,50.49231
58.65975,15.30853,48.21553
61.24603,15.16101,46.12079
64.48589,15.17597,44.28574
69.39481,15.05129,42.66259
75.40455,15.08394,41.22048
82.90659,14.93217,39.9908
92.90875,14.84632,38.91652
105.8389,14.77955,37.85007
124.8385,14.52668,36.90982
152.2131,14.51303,36.07298
188.503,14.52777,35.61127
233.4973,14.40756,35.21004
286.0728,14.44321,34.8222
339.0046,14.32028,34.63659
386.9084,14.43135,34.54397
424.165,14.27531,34.53878
445.8756,14.30596,34.27295
450.1462,14.25966,33.96846
438.2472,14.10594,33.66273
412.7982,14.04622,33.30684
377.4191,14.05881,33.06076
337.5124,14.00557,32.87787
295.9637,14.05045,32.64036
253.5426,13.99856,32.42316
215.4013,14.01327,32.32438
181.458,13.87148,31.99819
152.4125,13.76184,31.56456
128.6558,13.63297,31.23342
109.6806,13.40827,30.95285
94.68867,13.18058,30.56309
83.35398,13.04803,30.25027
74.50935,12.98985,30.13749
67.80062,13.03711,30.00047
62.52628,12.93182,29.83355
59.22767,12.78257,29.68963
56.75893,12.67455,29.37747
55.00687,12.42336,28.9235
53.52545,12.34958,28.57906
52.47616,12.21175,28.24231
51.44522,12.17128,27.94258
50.72421,12.07783,27.43256
49.92419,12.13792,26.96475
49.17576,12.10877,26.47187
48.30043,12.09101,26.10349
48.00196,12.05839,25.82776
47.61724,12.03357,25.5419
47.07895,11.93264,25.37497
46.92889,11.95828,25.37852
46.89749,11.86163,25.50763
46.92075,11.90208,25.86654
47.17645,11.81644,26.18148
47.48476,11.73089,26.36636
47.87957,11.58624,26.65294
48.47378,11.55288,26.92508
49.55062,11.46281,27.16719
50.41106,11.35323,27.23569
51.42236,11.36353,27.41623
52.67937,11.28509,27.28961
53.67337,11.21327,27.13007
54.70521,11.26111,26.85609
55.93967,11.21458,26.57607
57.09141,11.03179,26.0932
58.44881,10.96761,25.76892
60.30965,10.94166,25.31413
62.52384,10.94186,25.01135
64.87007,10.92859,24.699
67.41753,10.98264,24.49271
69.9974,11.07293,24.18458
72.6283,11.13894,23.99429
74.83287,11.2329,23.82109
76.90598,11.22576,23.66401
78.17733,11.10361,23.5014
79.09708,11.11843,23.39529
79.85885,11.20068,23.18919
80.00867,11.13358,23.0657
80.23985,11.10904,22.8406
79.97934,11.106,22.61778
80.12814,11.22828,22.45998
80.21479,11.19226,22.40646
80.91386,11.2943,22.27052
81.86594,11.37667,22.0448
83.06207,11.40004,21.87639
85.35784,11.51879,21.67403
88.39478,11.56744,21.44256
92.76147,11.48524,21.17761
100.2734,11.4888,20.82199
111.2732,11.43759,20.58884
129.5123,11.34504,20.39049
159.4942,11.28879,20.25283
202.4525,11.33719,19.94963
258.2606,11.33703,19.73829
319.0791,11.37986,19.61064
380.6234,11.49674,19.42804
434.3946,11.63734,19.24126
474.1948,11.69258,18.99924
496.6637,11.76441,18.83309
499.2065,11.78203,18.71899
485.083,11.69979,18.70608
460.3896,11.63525,18.66164
427.2648,11.71105,18.58083
391.7967,11.76717,18.57853
351.8622,11.80722,18.61978
313.5379,11.85134,18.60542
275.9799,11.99842,18.63064
241.4358,12.11137,18.6869
210.9331,12.18081,18.74771
184.3872,12.26936,18.71029
161.9705,12.28872,18.7752
143.8161,12.12493,18.72396
128.2083,12.19797,18.59959
116.2876,12.13813,18.46548
106.7961,12.08529,18.26963
100.4204,12.03598,18.17657
95.38192,12.12053,18.17401
93.35226,12.20784,18.17888
92.64267,12.16387,18.13562
94.22371,12.30079,18.17556
96.90433,12.35285,18.24726
102.3827,12.2681,18.35418
110.2861,12.26471,18.29848
122.4735,12.20635,18.21633
141.3798,12.14269,18.18023
170.7986,12.11076,18.23849
210.9362,12.19706,18.27031
259.3776,12.24332,18.10777
308.4174,12.23774,17.94464
355.5263,12.33145,17.85178
393.5872,12.39632,17.62625
419.0917,12.49039,17.56502
428.2565,12.48075,17.44805
422.171,12.32629,17.3862
403.9083,12.15002,17.5227
378.5743,12.07659,17.49989
349.6916,11.92975,17.5155
318.0304,11.68548,17.38731
283.594,11.42573,17.25107
251.2514,11.27374,17.05962
219.5008,11.16612,16.92203
189.4948,11.07257,16.89552
161.8502,11.03822,16.80299
137.637,10.96251,16.70288
116.0849,10.96145,16.62792
97.27939,10.91516,16.40638
82.55047,10.84363,16.35685
70.45276,10.70001,16.20525
60.37433,10.65708,15.99443
52.84796,10.69069,15.8334
46.54646,10.5519,15.8182
41.43076,10.39085,15.70024
37.51205,10.27581,15.48086
34.6571,10.14585,15.31503
32.13435,10.00831,15.11193
30.0269,9.904684,14.95157
28.46075,9.908728,14.90202
26.90372,9.850233,14.82143
25.56643,9.819838,14.75227
24.37341,9.778038,14.69543
23.58046,9.56575,14.69899
22.75212,9.375732,14.57117
22.14318,9.256762,14.36409
21.61739,9.159086,14.16327
20.96795,8.995373,13.84998
20.34533,8.927792,13.63456
19.55369,8.902447,13.45539
18.72646,8.811733,13.33558
18.06227,8.730244,13.2488
17.34932,8.604637,13.06363
16.862,8.479288,12.92979
16.39036,8.412399,12.84202
15.86924,8.385324,12.82415
15.43531,8.396105,12.73276
15.2607,8.302048,12.58083
15.06444,8.328205,12.51254
14.83599,8.275238,12.46411
14.61701,8.108009,12.43157
14.32147,7.98638,12.33244
13.9205,7.78721,12.14643
13.43469,7.693062,12.01865
13.04265,7.623531,12.05337
12.63771,7.430906,12.03786
12.33934,7.429897,11.9106
12.20116,7.345882,11.77061
11.92788,7.382227,11.66577
11.69658,7.325922,11.6475
11.36579,7.252823,11.69685
10.9402,7.268867,11.68816
10.75631,7.191607,11.65299
10.48614,7.265919,11.71938
10.28107,7.201435,11.77442
10.23685,7.133011,11.71903
10.16339,7.112257,11.69342
9.926272,7.120861,11.60504
9.68505,7.120079,11.48841
9.49529,7.088989,11.39203
9.363746,7.051224,11.36006
9.389474,7.124777,11.19267
9.438195,7.124578,11.12148
9.400531,7.154797,11.21874
9.311664,7.006907,11.15604
9.360101,6.930784,11.14507
9.367885,6.783073,11.23165
9.111299,6.73575,11.14743
8.719924,6.678806,11.08687
8.522365,6.692114,10.89285
8.265935,6.679878,10.757
8.196654,6.884682,10.58132
8.012654,7.004875,10.46036
7.826961,7.052481,10.41885
7.440206,7.018093,10.27314
7.225717,6.85923,10.20385
7.17373,6.717653,10.17491
6.929011,6.54426,10.05004
6.670002,6.436657,10.02872
6.534923,6.36171,9.889189
6.438015,6.225805,9.888443
6.533257,6.220449,9.948187
6.545789,6.257069,9.970587
6.555316,6.290777,10.05648
6.438367,6.305695,9.983606
6.381869,6.303095,9.992882
6.320765,6.361279,9.960907
6.14119,6.23826,9.878538
5.945993,6.199291,9.754169
5.762953,6.208662,9.669043
5.588173,6.086626,9.71628
5.522785,5.92314,9.682869
5.494606,5.799112,9.584135
5.46798,5.623045,9.510525
5.308587,5.489161,9.382071
5.249495,5.527786,9.380903
5.238706,5.603689,9.287861
5.190334,5.611187,9.226412
5.051305,5.653816,9.072041
4.876223,5.658882,9.005096
4.631876,5.608967,8.979969
4.561522,5.489212,8.766556
4.465994,5.453861,8.570009
4.224935,5.429964,8.58065
4.138312,5.349775,8.556129
4.119016,5.302086,8.562313
4.15511,5.25016,8.466013
4.014673,5.224287,8.410513
3.865959,5.115913,8.303619
3.694413,4.958506,8.107121
3.649324,4.89686,7.971645
3.608536,4.812329,7.763018
3.568916,4.817399,7.708471
3.633841,4.696935,7.639521
3.723514,4.596516,7.570503
3.584785,4.485722,7.391272
3.514358,4.403982,7.059612
3.163714,4.445547,6.735743
2.882694,4.43209,6.430029
2.646958,4.360286,6.101387
2.617253,4.355737,5.871187
2.573172,4.248075,5.679479
2.59084,4.13416,5.649303
2.863736,3.980545,5.407447
3.039529,3.85242,5.277333
3.121466,3.720494,5.140301
3.130886,3.501013,4.939658
3.064619,3.37868,4.854693
2.924486,3.220186,4.739213
2.7396,3.101354,4.75256
2.625036,2.988873,4.606605
2.475174,2.961384,4.53037
2.33345,3.01612,4.495669
2.187563,3.023924,4.267837
2.065569,2.992684,4.128903
1.999933,3.004042,4.096574
2.030875,2.831867,3.862118
1.963203,2.714879,3.768753
1.873152,2.560011,3.564196
1.838674,2.450482,3.47661
1.825872,2.284271,3.324554
1.817186,2.260882,3.364064
1.836123,2.266611,3.486742
1.793012,2.251018,3.531315
1.7825,2.343997,3.624467
1.9249,2.292088,3.651799
1.99916,2.161281,3.508249
1.891687,2.079975,3.432508
1.915131,2.016002,3.27848
1.946418,1.924699,3.198295
1.912895,1.710487,3.07816
1.767415,1.626865,3.016004
1.615232,1.613047,2.962047
1.468264,1.543857,2.854838
1.344907,1.460961,2.752054
1.179396,1.278316,2.658875
0.9495754,1.303639,2.554445
0.7550297,1.288704,2.554296
0.6816721,1.274358,2.636552
0.6357079,1.253567,2.696177
0.4503126,1.195647,2.632831
0.3876772,1.287556,2.652906
0.4675207,1.319227,2.610802
0.4860306,1.2723,2.606448
0.439743,1.258853,2.580469
0.3697405,1.266229,2.443657
0.323391,1.279125,2.22208
0.3896036,1.258139,2.198974
0.5059566,1.222187,2.216882
0.4813251,1.149044,2.022782
0.4162445,0.9955406,1.959252
0.5166035,1.005992,1.907777
0.5475368,0.9656286,1.881387
0.434536,0.9182625,1.953642
0.3445463,0.8843431,1.989392
0.2284632,0.8720455,1.948437
0.1239691,0.773921,1.912786
0.05033875,0.8766632,1.969615
0,0.9186268,2.020222
0.02062321,0.9449568,1.9256
0,0.8619995,1.986171
0.06807852,0.8399525,1.871816
0.017869,0.8431501,1.851037
0.06506681,0.8067093,1.88229
0.05646276,0.7353325,1.828449
0,0.6589355,1.782234
0,0.5892906,1.653183
0,0.590395,1.558487
0.09297991,0.5209999,1.531875
0.08575058,0.5522747,1.423858
0.09558344,0.3692579,1.347919
0.292304,0.3712673,1.290848
0.261899,0.4125013,1.242853
0.34232,0.4375334,1.279038
0.1876287,0.3822918,1.245676
0.013515,0.3322105,1.180362
0,0.2921419,1.205108
0.006629467,0.1592188,1.27625
0,0.0248661,1.324354
0,0.03150654,1.336225
0.1435337,0,1.304072
0.2025676,0.1031036,1.258218
0.1801243,0.06651688,1.184633
0.1113133,0.1774435,1.146493
0.0226512,0.2698956,1.064774
0.05610228,0.3508348,0.9998541
0.02582645,0.3267002,1.044962
0,0.3395195,1.051784
0,0.2904329,1.085046
0,0.3004627,1.09784
0.09205103,0.3016386,0.9983883
0.1314468,0.2865648,0.9447327
0.2690439,0.2366858,0.8859711
0.2967463,0.3984699,0.7706366
0.3786311,0.6040869,0.668848
0.5295024,0.7060919,0.5704746
0.49472,0.81742,0.4926853
0.4089923,1.041228,0.5102777
0.4777865,1.133374,0.6065588
0.3568201,1.180801,0.6919775
0.3574138,1.216926,0.7957382
0.34062,1.149743,0.8410883
0.3358574,1.019332,0.8315077
0.1729608,0.9716244,0.797204
0.147727,0.8552847,0.7803507
0.179019,0.6820593,0.7079868
0.1588535,0.6246653,0.5393419
0.007524014,0.649148,0.4281292
0.06429148,0.7103271,0.4073935
0,0.7609234,0.3489923
0.09177399,0.7925787,0.2792168
0.0987606,0.9336329,0.2165241
0.02074575,0.9834719,0.1939278
0,1.009894,0.1269493
0.09104633,1.01582,0.1515932
0.1603823,1.029293,0.1498394
0.2335615,1.077152,0.06443119
0.06519175,1.040479,0.05039883
0,1.029242,0.04813957
0,0.9489183,0
0,0.8719559,0
0,0.8617353,0
0,0.8114462,0
0.1048288,0.912982,0
0.1946735,1.08189,0.1139107
0.3086977,1.271475,0.3119631
0.3913779,1.446413,0.3901548
0.3043423,1.581861,0.4514122
0.37289,1.634057,0.4500999
0.2512898,1.471626,0.4715576
0.1654816,1.408057,0.4022675
0.1427932,1.168305,0.3612394
0.0832057,1.145839,0.3691282
0,1.095134,0.3003473
0,1.063686,0.2097521
0,1.101306,0.199172
0,1.250297,0.1478586
0,1.551357,0.1437597
0.09038401,1.743358,0.1278276
0.01836443,1.82723,0.1294508
0.1315432,2.007371,0.08660221
0.1726341,2.061695,0.1024485
0.2067938,2.154082,0.07394886
0.1392446,2.046427,0
0.07437706,2.052395,0
0.194366,2.043065,0
0.1250486,2.255234,0
0.1101828,2.474986,0
0.1319652,2.698294,0
0.05555534,2.870338,0
0.005750179,2.946906,0
0,2.973969,0.0921154
0.1261139,2.882972,0.09875679
0.2172995,2.782912,0.09605503
0.2973599,2.791612,0.0750103
0.3302536,2.73365,0.06894875
0.2756705,2.76667,0
0.1657648,2.722252,0.02127075
0,2.815229,0.06429768
0,2.782639,0
0,2.810668,0
0,2.764462,0.03813457
0.05043316,2.774835,0
0.1483798,2.738717,0
0.2547216,2.788845,0.1166935
0.291894,2.750009,0.2563848
0.3965745,2.69631,0.3038435
0.4153886,2.73858,0.4375219
0.456738,2.719748,0.4451637
0.6670008,2.666753,0.3471241
0.6705513,2.756093,0.26231
0.6792159,2.723746,0.2062416
0.5804296,2.733463,0.08993816
0.525362,2.589757,0.0829668
0.5910625,2.622611,0.1982775
0.6398182,2.530018,0.2291393
0.6327806,2.520596,0.4450951
0.6581798,2.661835,0.601593
0.6589808,2.682773,0.6144686
0.6774168,2.854436,0.6980276
0.5427151,3.001196,0.8100672
0.4975266,3.111455,1.00914
0.42869,3.237348,1.125158
0.336771,3.217301,1.157536
0.3369617,3.370648,1.13461
0.1899681,3.368978,1.106699
0.1231194,3.440777,1.123874
0.2196927,3.56308,1.082962
0.3208256,3.640782,1.128053
0.2842078,3.823955,1.266139
0.2832747,3.981913,1.449244
0.2630801,4.050716,1.600254
0.2557712,4.069592,1.738724
0.0422349,4.052609,1.939428
0,4.08204,2.053226
0,4.024956,2.187247
0,4.047944,2.314544
0,4.206972,2.35398
0.05741119,4.47722,2.330644
0.03095388,4.898317,2.318406
0.04023933,5.21876,2.385222
0.0337534,5.532862,2.483648
0.08335352,5.924561,2.684898
0.008488655,6.187792,3.003879
0.1171288,6.320564,3.16866
0.3361812,6.426907,3.42
0.5138278,6.551165,3.499629
0.6899028,6.633547,3.417762
0.8195195,6.803961,3.30158
0.7076168,6.924633,3.277178
0.5635376,7.058647,3.392258
0.4010873,7.203083,3.55598
0.1906056,7.459543,3.904014
0,7.717091,4.260453
0,8.188131,4.627698
0.0883379,8.882967,5.001894
0,9.601494,5.166829
0,10.31914,5.493146
0,11.18534,5.976659
0.01759577,12.12038,6.502194
0.1006603,13.38111,7.130075
0.004097462,14.81339,7.985896
0,16.35295,9.033317
0,17.84959,10.07134
0,19.30797,11.12509
0,20.88147,11.98879
0,22.31173,12.68585
0,23.43738,13.25611
0,24.2255,13.63284
0.1174908,24.88556,13.69109
0.1024199,25.07451,13.42039
0.06477284,24.94567,13.00791
0.07107067,24.19814,12.29048
0.1819453,22.99762,11.54485
0.3298547,21.51864,10.77618
0.2333026,20.06876,9.914372
0.2720637,18.90239,9.081441
0.3218689,17.72046,8.340261
0.4563558,16.63671,7.848037
0.3584759,15.74112,7.53852
0.3213491,14.69257,7.33254
0.1099298,13.80145,7.169053
0,12.99177,7.063811
0,12.14074,7.124419
0,11.40384,7.191737
0,11.4993,7.595502
0,12.52171,8.485213
0,13.91707,9.418748
0.06018877,14.23287,8.28423
0,6.471798,0
0,0,0
0,0,14.93743
0,39.23043,58.15999
0,104.0237,110.3959
0.0526017,173.071,163.5713
0.211851,237.8483,209.5411
0.3309728,288.3535,241.1705
0.3165656,315.4053,252.296
0.2952315,312.4471,237.7831
0.08128011,275.98,200.4703
0,227.9195,163.8862
0,194.3506,135.6984
0,167.3124,110.3778
0,138.625,86.71705
0,110.2761,65.48302
0,82.37225,45.83628
0,56.16676,29.15254
0,32.89284,16.0395
0,14.19653,6.164175
0,0,0
