EL1: Electronic Ladder,A1: 40Wk,B1: 44Wk,C1: 48Wk
0,0,0,0
0.02077436,0,0,0
0.003890991,0,0,0
0.004443645,0,0,0
0,0,0,0
0.001514435,0,0,0
0,0,0,0
0,0,0,0
0.01468706,0,0,0
0,0,0,0
0,0,0,0
0.04919553,0,0,0
0.07778025,0,0,0
0.06287456,0,0,0
0.143337,0,0,0
0.3017426,0,0,0
0.3133645,0,0,0
0.5862446,0,0,0
0.6384296,0,0,0
0.623435,0,0,0
0.7074766,0,0,0
0.7385635,0,0,0
0.6728959,0,0,0
0.53194,0,0,0
0.603312,0,0,0
0.523931,0,0,0
0.4217887,0,0,0
0.5978866,0,0,0
0.5986304,0,0,0
0.463788,0,0,0
0.5425901,0,0,0
0.5230641,0,0,0
0.4018135,0,0,0
0.447835,0,0,0
0.4380507,0,0,0
0.3837314,0,0,0
0.4111743,0,0,0
0.4198155,0,0,0
0.2100549,0,0,0
0.1311512,0,0,0
0.1020811,0,0,0
0.002857685,0,0,0
0,0,0,0
0,0,0,0
0,0,0,0
0.08973789,0,0,0
0.1419425,0,0,0
0.0909667,0,0,0
0.1482263,0.1057673,0,0.1522861
0.2121367,0.2405896,0,0.2108722
0.01945496,0.2533107,0,0.2843213
0,0.418674,0.08011675,0.4173059
0,0.4313579,0.1616373,0.3380895
0,0.4948421,0.2979636,0.1471753
0.08420372,0.4167199,0.375525,0.1261954
0.03852177,0.4055338,0.3167825,0.1813483
0.1143756,0.3845873,0.3794475,0.1096544
0.2220144,0.3555126,0.2424588,0.09867382
0.4593344,0.3050051,0.2140379,0.1078734
0.3339543,0.3441243,0.07878876,0.1185088
0.2182727,0.2001495,0,0.2521787
0.2291179,0.1540051,0.0743413,0.41401
0.2393465,0.1591535,0.08118677,0.2924294
0.2078538,0.2495298,0.1969471,0.152792
0.1527991,0.1822863,0.148479,0.1292024
0,0.1166015,0.2064967,0.06134033
0.02681494,0.09003448,0.2829375,0
0,0.01400137,0.2432923,0
0,0.02301216,0.2592292,0.0149827
0,0.07503128,0.1727271,0.05578804
0.004436493,0.004573345,0.2112246,0.1321597
0.1063318,0,0.2474723,0.1680479
0.03486204,0,0.2201762,0.1500406
0.07004738,0.0267992,0.2923136,0.1484284
0.1939974,0.06837606,0.294498,0.2184396
0.2114682,0.1473155,0.3680778,0.2262559
0.3254375,0.2289233,0.3920035,0.2217731
0.3272204,0.2168946,0.3526726,0.2307377
0.3582625,0.3062172,0.291544,0.2007656
0.6224704,0.4049416,0.150774,0.1810474
0.6738214,0.4139876,0.1779857,0.1029267
0.6119556,0.2967176,0.1724749,0
0.3347888,0.2516403,0.1694331,0
0.1531692,0.2359309,0.2386131,0.02466536
0.07856035,0.1611376,0.354321,0.06145954
0.02700949,0.1641068,0.3871279,0.07223606
0,0.1688771,0.3495607,0.09680986
0,0.1126804,0.362412,0.1225858
0,0.1210055,0.406817,0.1073284
0,0.145452,0.3239961,0.1436071
0.04109764,0.2837925,0.3072729,0.1684103
0,0.2299991,0.1708984,0.1603284
0.02638292,0.296968,0.04967165,0.2323704
0.06229401,0.4347715,0,0.3294148
0.04121494,0.4208188,0,0.360302
0,0.4460449,0,0.3713722
0,0.4753451,0,0.3413033
0,0.3275118,0,0.269032
0,0.2443185,0.06357908,0.2579956
0,0.2701993,0.06303644,0.2920074
0,0.3451591,0.09931326,0.3020887
0,0.1705251,0.06352425,0.2641001
0,0.2070861,0.0628562,0.1625185
0,0.273499,0.08295774,0.08020735
0,0.1661143,0.1204782,0.03363132
0,0.2000713,0.1060996,0
0.3040228,0.1196322,0.1303601,0
1.405515,0.0644083,0.092556,0
2.834507,0.08498287,0,0
4.043449,0.1473556,0,0
5.409372,0.04850864,0.03137922,0
7.060751,0,0.01874828,0.01216936
9.01142,0,0.1228123,0.007062912
11.38547,0.02423429,0.07676983,0.1607151
14.12005,0,0.1359301,0.216176
17.26014,0.1636024,0.1151805,0.1975522
20.97051,0.2041111,0.2162361,0.1418214
25.3254,0.2852359,0.1527472,0.157311
30.42628,0.2381625,0.05256414,0.1579647
36.0128,0.2402563,0.03818655,0.1315722
42.3921,0.1186905,0.02481318,0.1035037
49.75721,0.1401181,0,0.1208262
58.11675,0.1296444,0.1097035,0.1978922
67.09781,0.1446195,0,0.2906222
76.59318,0.1008821,0.04707479,0.2065034
86.53235,0.1589947,0,0.1391249
96.71154,0.06669712,0.0119791,0.0515089
107.3292,0.05210543,0.05621243,0.07458735
118.0085,0,0,0.115973
128.5506,0,0,0.1194835
138.9781,0,0.01858854,0.2074604
148.6813,0.07713366,0.06187677,0.322648
158.0438,0.1527762,0.1368418,0.314743
165.8421,0.2325115,0.1226392,0.2830062
172.4071,0.1945033,0.2193279,0.2194228
177.1938,0.1251268,0.1795268,0.1204224
180.721,0,0.253881,0.02212381
182.7976,0,0.2944326,0.07140732
184.0034,0,0.1196175,0.1375046
183.7612,0.004247189,0.05200815,0.1587062
182.0963,0,0,0.2789187
179.2551,0.02206087,0,0.3943276
175.4089,0.01193237,0,0.3523307
169.8648,0.1065073,0,0.3184543
163.6694,0.216033,0,0.2695255
156.3133,0.2238426,0,0.231112
148.2467,0.1489711,0,0.2131562
139.6879,0.1718235,0.001781464,0.1825252
131.4263,0.136683,0,0.1641812
122.399,0.0851078,0,0.1570797
113.4277,0,0,0.1985312
104.7552,0,0,0.2100077
96.02428,0,0,0.1556516
87.56607,0,0.2192545,0.07034111
79.93262,0,0.4259882,0.00949049
72.51277,0.02029371,0.5795918,0
65.42696,0,0.8366098,0
58.7887,0,1.101708,0
53.03083,0,1.423132,0
47.41869,0,1.833832,0
42.51573,0,2.145004,0
38.00323,0,2.405545,0.02104568
34.11943,0,2.613084,0
30.83343,0,2.91147,0.0006814003
28.08009,0,3.283132,0
25.57552,0,3.722919,0
23.51604,0,4.242308,0.02166653
21.80286,0,4.804815,0
20.47512,0,5.47252,0
19.14278,0,6.133858,0
18.04222,0,6.792046,0
16.84309,0,7.364532,0
16.03548,0,7.98597,0
15.28468,0,8.622269,0.03651285
14.43121,0,9.271561,0
13.87171,0.5612822,9.842522,0
13.48894,1.250221,10.39813,0
13.46001,2.055108,11.06639,0
13.14586,2.996559,11.87716,0
12.79887,3.954003,12.51729,0
12.60898,4.863406,13.24173,0
12.22836,5.877709,14.01393,0
11.97549,7.067306,14.83772,0
11.68075,8.099217,15.62637,0
11.16488,9.186055,16.53616,0
10.84782,10.33249,17.42461,0
10.45394,11.6508,18.3339,0
10.1925,12.99013,19.30812,0
9.845958,14.47454,20.34796,0
9.430903,15.9874,21.12026,0
9.227633,17.4958,22.04333,0
8.951421,18.9577,23.03712,0
8.649407,20.49168,23.89299,0
8.43328,21.89267,24.7761,0
8.136649,23.46741,25.7592,0
7.748421,25.0459,26.86953,0
7.452363,26.71026,27.82628,0
7.086936,28.45394,28.8608,0.4868937
6.854991,30.36275,29.92048,1.465264
6.527324,32.3493,30.94193,2.587331
6.17592,34.24864,32.05565,3.52127
5.929846,36.12656,33.17731,4.449044
5.731161,37.92826,34.1984,5.574655
5.530811,39.84664,35.25379,6.715108
5.314283,41.81081,36.35627,7.917941
5.039759,43.77655,37.3879,9.275109
4.879637,45.78552,38.43318,10.73628
4.533747,47.98006,39.66928,12.28983
4.246821,50.21195,40.93978,13.94402
3.987095,52.43581,42.2234,15.63468
3.707324,54.61041,43.46821,17.266
3.459528,56.86716,44.71257,18.95191
3.27951,59.07646,46.08155,20.73672
3.214552,61.68435,47.44404,22.58804
3.010284,64.19199,48.70673,24.50176
3.008267,66.81852,50.08791,26.49373
2.798151,69.45581,51.69614,28.56305
2.634225,72.16024,53.30842,30.59482
2.382677,74.83173,54.89245,32.60581
2.227367,77.65888,56.48079,34.64152
2.095788,80.6002,58.16102,36.72716
1.843846,83.67731,59.84169,38.85048
1.697485,86.84373,61.66682,41.10582
1.858475,90.4267,63.44878,43.45466
1.811575,93.85609,65.32802,45.85915
1.964374,97.45772,67.50935,48.28786
1.901066,101.1221,69.71677,50.68028
1.778781,105.2052,72.01517,53.08966
1.556797,109.6514,74.47256,55.48136
1.403651,114.1953,77.02953,57.8566
1.308333,119.0364,79.66122,60.32101
1.10693,124.0351,82.37427,62.84515
1.049143,129.3186,85.18552,65.47713
1.241197,135.127,88.08215,68.16528
1.354727,141.1531,91.26711,70.91251
1.502384,147.681,94.73219,73.59177
1.519122,154.7369,98.54115,76.31374
1.324928,162.6743,102.6587,79.26318
1.076735,171.109,107.1383,82.1
0.9952097,180.2224,112.0531,84.93629
0.8940001,189.1765,117.0541,88.02849
0.725214,198.2327,122.4767,91.05697
0.6926012,208.0754,128.2482,94.07294
0.6888208,217.9694,134.2341,97.16178
0.7387056,227.7416,140.5678,100.306
0.8532467,237.8336,147.4064,103.48
0.7408857,247.7597,154.3335,106.9732
0.7472887,257.4745,161.8137,110.6858
0.8692646,266.6997,169.3356,114.1011
1.168772,275.2237,177.1805,117.6791
1.190784,281.8725,185.164,121.4023
1.200372,287.3477,193.4705,125.0916
1.114477,291.4961,201.7338,128.831
0.9727325,293.619,210.1609,132.7807
0.8234692,294.0266,217.7941,137.0063
0.8036432,293.069,225.4139,141.2555
0.7431259,290.5795,232.3788,146.2543
0.7612772,287.1454,239.1226,150.9637
1.037474,283.5683,245.1131,155.8336
1.257266,280.188,250.5164,160.9405
1.272376,277.1584,255.1832,165.8193
1.354032,275.0901,259.317,171.0107
1.327152,274.0848,263.0446,176.55
1.441128,274.5287,266.7704,182.2108
1.437162,276.2145,269.7434,188.3032
1.53565,278.9002,272.8086,194.8225
1.483832,282.4146,275.8952,201.8192
1.313531,286.4989,278.837,208.6233
1.350208,291.3796,281.7986,216.3513
1.262451,297.3071,284.6086,224.9558
1.230331,303.9589,287.1266,233.5469
1.182846,311.4692,290.3186,243.039
1.293417,320.285,293.937,253.2854
1.43209,330.0638,297.6146,263.2136
1.565934,342.0701,301.8425,273.9967
1.778693,355.7556,305.7567,285.6404
1.832576,369.3127,311.1635,296.9772
1.958308,384.1248,317.7857,309.2146
2.013226,399.2178,324.5443,322.4184
1.900956,415.3779,331.7053,336.2788
1.976776,432.4618,339.9781,351.6081
1.942533,447.272,349.1925,367.3401
2.064632,462.0359,357.9002,385.4322
2.001075,475.9594,367.3595,404.2033
2.192392,489.1235,376.6313,422.3445
2.310712,501.948,385.8117,442.3819
2.362311,511.4246,395.6729,462.0136
2.456297,520.4762,406.2029,483.5205
2.468528,527.7261,416.4703,506.0088
2.466484,531.3711,424.9439,527.6485
2.562199,535.5833,433.6091,548.2377
2.688143,533.9484,442.3044,566.6592
2.760905,531.6403,448.6723,583.3792
2.684251,528.1755,456.6938,597.0839
2.796084,523.4551,462.3306,606.968
2.842338,520.0539,467.4412,616.5377
2.957272,515.323,473.4736,625.4415
3.109657,511.4556,480.7652,636.1779
3.35411,508.7486,488.9186,647.6512
3.562705,504.9797,496.3947,660.2019
3.711011,503.8014,505.3028,670.2371
3.779229,500.5255,513.9201,682.7651
3.873752,498.5606,521.8037,693.6197
3.97186,496.0182,532.2144,702.3478
4.120864,493.4551,542.5598,710.4605
4.407995,492.6402,553.9917,716.9365
4.740877,492.8999,566.9686,725.1107
5.183635,494.6344,582.5562,731.7161
5.696602,498.7904,598.2465,733.9906
6.020205,504.4156,615.3396,736.394
6.294484,512.7404,633.8308,735.4954
6.550032,521.9099,651.4138,737.0937
7.067249,531.8408,672.5167,736.4796
7.607132,541.6269,694.2061,735.0554
7.999272,551.2061,715.6924,730.5632
8.483399,561.5611,739.2411,726.8297
9.100471,570.7223,761.8049,725.52
9.723855,578.9421,784.4778,722.5637
10.54847,587.1249,804.7249,718.5068
11.37495,593.9215,826.5727,716.2199
12.50006,600.2358,848.4794,714.7524
13.92115,605.0891,869.4922,713.0061
15.43674,608.8884,886.9565,711.02
17.24239,613.0193,902.3162,707.7996
19.26184,615.4215,914.4966,698.9854
21.67051,616.9451,927.004,692.3611
24.47736,618.0212,934.5889,683.6182
27.67189,619.0049,940.0828,675.0707
31.58931,622.8068,946.8148,666.0521
35.96396,621.7626,951.8765,656.4447
40.95355,622.2532,955.5513,647.9155
46.12794,624.1395,958.9321,637.3973
51.64317,623.3765,957.0953,628.4625
57.59286,624.2477,957.1611,618.7931
63.7354,625.6839,954.3434,609.302
69.85553,626.0532,952.5342,600.466
75.89359,629.0527,947.9109,591.4446
81.78076,631.0439,943.6164,584.89
87.19453,633.3829,938.8737,578.0009
91.76865,632.2109,931.7678,572.2667
95.54222,631.3774,923.2827,567.0724
98.08273,628.395,914.7944,561.4641
99.29156,622.9667,905.4492,556.9902
99.06339,615.5313,894.0641,552.5126
97.45181,609.5197,881.3477,547.3663
94.50578,601.5253,869.0582,540.9783
90.77435,594.1072,853.1268,534.2523
86.22996,585.045,836.9881,528.1974
80.70927,574.9682,819.2291,522.9075
74.90852,565.2271,799.1007,515.4678
68.94247,552.8887,776.6832,507.5862
62.84081,538.6829,753.5982,499.3556
56.55688,524.3444,729.4326,489.8236
50.46388,508.3334,703.0688,479.9512
44.74711,494.0614,675.4692,466.8631
39.44721,478.737,647.9646,451.467
34.87772,461.8364,619.8449,435.7945
30.95333,445.4095,591.8566,418.6616
27.34794,429.5028,564.5941,402.0361
24.55551,414.0002,534.8849,383.5825
22.37551,398.2938,507.5147,366.8271
20.65787,382.6894,481.5743,350.3749
19.16058,368.4862,456.5714,334.1522
18.21872,356.2216,433.6183,319.0938
17.438,344.1756,411.0352,303.4046
16.86738,332.6067,390.994,287.8616
16.64213,320.6458,372.234,273.4134
16.57688,310.4927,354.0651,257.6111
16.45852,300.937,338.4374,243.1368
16.46589,291.5982,322.8562,229.5545
16.63826,282.8384,309.6881,216.0725
16.67247,274.7358,297.9011,203.3443
16.84927,266.8081,286.635,191.4025
17.22406,259.9244,276.2659,180.3391
17.14243,253.6636,267.0248,169.9522
17.43853,247.6066,258.4394,159.8869
17.82478,242.0993,250.4235,150.2172
17.96032,237.5208,243.1755,141.2
18.25215,232.2652,237.3333,132.5626
18.41615,228.0582,231.9842,124.5921
18.5258,224.3806,227.2142,116.7052
18.76223,220.9353,222.4714,109.447
19.05353,217.3781,218.0629,102.7559
19.16386,214.6223,214.3676,96.76096
19.16387,212.489,211.3722,91.34975
19.28988,210.564,208.6386,86.08875
19.35769,208.5029,206.3464,81.45153
19.3758,206.6711,203.9263,77.08136
19.57454,204.5325,202.7188,73.20208
19.62598,202.6677,200.7557,69.52391
19.78218,201.1513,199.3049,66.28197
20.18354,199.5998,197.3126,63.02937
20.41926,197.726,195.5017,60.31278
20.65388,195.9051,194.2209,57.75988
21.04916,194.1941,192.9886,55.49691
21.33175,192.3416,191.8316,53.44884
21.92436,190.1617,190.7825,51.48906
22.47783,187.5611,189.5222,49.66119
23.19967,184.9792,188.5496,48.15733
24.00547,182.072,186.295,46.52027
24.92137,179.5626,184.1813,45.20029
26.07762,176.7668,181.7727,43.94315
27.05424,173.7578,179.3456,42.86668
28.35841,170.4718,176.9476,41.70879
29.94373,167.1803,174.1287,40.67571
31.9086,163.5617,171.0957,39.61509
34.26385,159.8998,168.0623,38.59035
36.98215,155.8513,164.8008,37.81524
40.44484,151.9169,161.1339,36.9477
44.49338,147.8882,156.9754,36.04773
49.04794,144.0435,152.7968,35.30088
54.35099,140.1959,148.6781,34.63047
60.32379,136.4633,144.5459,34.00675
67.59665,132.7593,140.4382,33.33797
76.28723,129.2075,136.1209,32.76947
86.51976,125.6841,132.0901,32.25975
97.90131,122.319,128.0017,31.81268
110.6739,119.0497,123.8924,31.36584
125.2747,115.839,119.9177,30.93397
140.65,112.9794,116.2529,30.39213
156.6973,110.2381,112.9089,29.7943
174.3146,107.6265,109.8437,29.16829
192.1764,105.0122,106.8811,28.63686
210.3529,102.6752,104.1947,28.22686
229.0379,100.5189,101.6969,27.8643
247.1249,98.33714,99.46058,27.64936
263.5541,96.25871,97.19349,27.41287
278.7838,94.2867,95.04587,27.32138
292.334,92.61419,92.97926,27.17086
303.5136,91.03298,91.15333,26.89043
312.692,89.42789,89.494,26.58208
320.2479,87.90021,88.19943,26.19041
324.4709,86.38904,86.8685,25.90854
325.13,85.02444,85.87027,25.68538
321.8196,83.72762,85.12868,25.43181
314.2173,82.32768,84.20221,25.1654
301.6001,80.97463,83.58666,25.00439
285.5716,79.63564,82.93752,24.78301
266.1414,78.25383,82.09989,24.47987
244.6514,76.92202,81.32874,24.17664
222.0472,75.48657,80.38716,23.93933
199.2599,74.05935,79.49908,23.6422
177.1982,72.66857,78.47066,23.46342
155.8681,71.25193,77.32478,23.24394
135.7902,69.98098,76.23494,23.0509
117.63,68.66544,74.82524,22.80593
101.3451,67.40646,73.47322,22.55935
87.3914,66.13196,72.09429,22.29996
75.58495,64.67766,70.56998,22.09328
65.88819,63.42312,69.33604,21.85791
58.11989,62.05135,67.9696,21.7742
52.0619,60.64315,66.68718,21.60185
47.68968,59.37972,65.44946,21.50115
44.34575,58.22148,64.1976,21.36008
41.65612,57.38073,62.83642,21.22979
39.66372,56.65787,61.40733,21.06371
38.28231,56.03169,59.95701,20.88751
36.87449,55.18689,58.61028,20.73122
35.83654,54.36529,57.22262,20.58785
34.94268,53.62648,56.19888,20.48933
34.24714,52.60375,55.07166,20.44775
33.63666,51.50338,54.07417,20.33533
33.13741,50.49487,53.09221,20.23235
32.5499,49.62109,52.13638,20.10609
31.83706,48.86052,51.10918,19.92659
31.33617,48.23273,50.28034,19.69357
30.74152,47.51335,49.56722,19.51593
30.1513,46.70957,48.82671,19.4213
29.65636,46.11798,48.05293,19.30959
29.13369,45.37225,47.40505,19.1621
29.03858,44.67672,46.72497,19.13345
28.80333,44.00177,46.08955,19.09267
28.68405,43.35696,45.4499,19.01793
28.53453,42.72254,44.93584,19.01728
28.3835,42.0625,44.44995,18.88607
28.41796,41.39317,43.92647,18.81457
28.3785,40.83755,43.42493,18.94183
28.49684,40.341,42.90834,19.1284
28.68027,39.86677,42.32803,19.18134
28.8009,39.35283,41.63659,19.07141
29.15866,38.98348,41.05141,18.93322
29.19191,38.64869,40.47536,18.72582
29.2986,38.3576,39.97327,18.46381
29.56035,38.05413,39.53256,18.21692
29.79193,37.70378,39.03471,17.89877
29.99135,37.28598,38.44401,17.7342
30.35151,36.91386,37.96459,17.72081
30.71473,36.41445,37.44276,17.78991
31.33374,35.90645,36.87574,17.82759
31.8958,35.21245,36.18679,17.75002
32.6011,34.69794,35.71507,17.68804
33.20981,34.29708,35.11463,17.69221
34.07283,33.84366,34.70976,17.64575
35.05488,33.47132,34.37949,17.59906
36.04663,33.15153,33.98141,17.47364
36.83076,32.83325,33.55469,17.35655
37.98085,32.46637,33.21218,17.21669
39.08854,32.31741,32.74405,17.18626
40.44449,32.09398,32.26559,17.02401
41.66251,31.76986,31.83129,16.92762
43.2342,31.44508,31.55235,16.84164
44.89377,31.16302,31.14233,16.75896
46.91675,30.83812,30.97396,16.70579
48.89026,30.56731,30.72959,16.76327
51.3625,30.61177,30.37853,16.78656
55.00621,30.7725,29.9702,16.84182
60.78937,31.39775,29.69709,16.85009
67.45579,32.59154,29.48758,16.93321
76.93469,34.00813,29.25595,16.91593
89.78162,35.76616,29.15716,16.79531
108.1065,37.62601,29.09657,16.55209
132.5022,39.62787,29.12342,16.35797
163.1454,41.45946,29.24407,16.30144
200.3711,42.96354,29.28281,16.29121
243.9467,44.23896,29.13338,16.30994
291.2039,44.96261,28.89944,16.33686
338.1341,45.39397,28.58557,16.52548
378.441,45.55228,28.38863,16.762
410.5762,45.21972,28.08226,16.7677
429.4778,44.6118,27.56191,16.66371
434.5762,43.64325,27.10451,16.46123
424.2587,42.49766,26.80316,16.34924
401.0224,41.23531,26.527,16.25462
367.8916,40.08913,26.24604,16.10892
328.8126,39.14397,25.86355,16.04078
286.2986,38.31445,25.36941,15.94823
243.6584,37.82125,24.91557,16.15193
203.4726,37.55616,24.61024,16.08775
168.3684,37.23724,24.36291,15.96121
138.6168,36.833,23.9402,16.05816
115.0981,36.17192,23.65989,16.03164
96.43207,35.37805,23.44069,16.0863
83.11102,34.53803,23.22971,15.9884
73.37795,33.69947,23.04929,15.94313
66.56516,32.8345,22.68987,16.01787
61.43027,31.94226,22.37441,16.01887
57.54845,31.10197,22.17552,16.19227
54.54342,30.16391,21.93754,16.02963
52.24219,29.20651,21.76801,16.12365
50.74192,28.09973,21.57696,16.2844
49.5243,27.00211,21.31979,16.43787
48.23606,25.86496,21.08764,16.40244
47.05144,24.90117,20.85865,16.2584
45.9033,23.97852,20.5553,16.26624
44.80546,23.18381,20.21507,16.29512
43.8345,22.44748,19.91302,16.20918
42.99827,21.72911,19.60415,16.26921
41.84529,21.09295,19.42291,16.24762
41.15577,20.5254,19.38269,16.20445
40.62458,20.10451,19.40048,16.24629
40.24195,19.71381,19.37875,16.29923
40.09595,19.33367,19.26175,16.19765
40.08971,19.11563,19.17146,16.11344
40.16565,18.80615,18.91703,16.02383
40.27295,18.55104,18.7118,15.97138
40.27584,18.30573,18.32294,15.88142
40.3533,18.01334,17.9871,15.96603
39.90576,17.75864,17.87712,16.08918
39.52253,17.51197,17.79067,16.04551
39.328,17.33142,17.72376,16.18436
38.97767,17.03255,17.73298,16.13144
38.9377,16.88224,17.61262,16.12132
38.84604,16.68362,17.59352,15.95177
38.8927,16.32684,17.50167,15.83135
39.03972,16.24572,17.46529,15.79886
39.08849,16.07278,17.32825,15.77329
39.39025,15.87942,17.26932,15.85798
39.43625,15.58971,17.00609,15.95186
39.56673,15.39511,16.83183,15.96699
39.79207,15.08258,16.65373,15.9784
40.00423,15.04528,16.43045,15.9056
40.51925,15.00812,16.19025,15.99882
40.74812,14.87776,16.02486,15.95498
41.04582,14.7791,15.92808,15.96357
41.44083,14.84928,15.8514,15.9448
41.66561,14.70732,15.65502,15.99142
41.9361,14.51795,15.57139,15.92028
42.04552,14.27387,15.36863,15.82343
42.30717,14.06291,15.27459,15.64302
42.51877,13.74698,15.14917,15.42897
43.29195,13.84473,15.03671,15.29834
44.16927,13.78991,15.0015,15.34973
44.80107,13.65648,14.91081,15.27254
45.88068,13.67535,14.92637,15.26105
47.22343,13.68091,14.83247,15.31268
48.34975,13.60041,14.64099,15.46301
49.37782,13.52162,14.58947,15.57402
50.39648,13.4404,14.46407,15.69145
51.83561,13.27607,14.28928,15.79071
52.99356,13.0615,14.15505,15.77165
54.57263,12.99903,14.15611,15.79492
56.20294,12.9493,14.12271,15.79475
58.65975,12.83615,13.97754,15.61311
61.24603,12.95608,13.93772,15.56265
64.48589,12.98118,13.83334,15.49658
69.39481,12.97808,13.67663,15.5039
75.40455,12.95322,13.61072,15.46821
82.90659,12.96361,13.50396,15.39526
92.90875,12.88563,13.35867,15.40902
105.8389,12.78999,13.12523,15.4092
124.8385,12.62925,13.14683,15.40923
152.2131,12.55054,13.07368,15.38982
188.503,12.53652,12.87183,15.23179
233.4973,12.42378,12.78364,15.21836
286.0728,12.25691,12.7079,15.11656
339.0046,12.19916,12.54734,15.00659
386.9084,12.11569,12.50854,14.90388
424.165,12.09301,12.47173,14.87242
445.8756,12.16499,12.35049,14.80367
450.1462,12.2229,12.22241,14.72492
438.2472,12.24489,12.25007,14.70735
412.7982,12.11284,12.22216,14.57394
377.4191,11.96158,12.13066,14.38384
337.5124,11.67636,12.08982,14.23202
295.9637,11.50818,12.04626,14.06843
253.5426,11.43901,11.96241,13.97037
215.4013,11.3306,11.84442,14.00471
181.458,11.28353,11.75796,14.08183
152.4125,11.32555,11.6784,14.07822
128.6558,11.24485,11.73656,14.10985
109.6806,11.28899,11.69296,14.32092
94.68867,11.14326,11.68901,14.33008
83.35398,11.01624,11.63153,14.34886
74.50935,11.01438,11.49777,14.21859
67.80062,10.95721,11.53398,14.1679
62.52628,10.94606,11.54785,14.05435
59.22767,10.88641,11.46387,13.96548
56.75893,10.84168,11.47273,13.94036
55.00687,10.76919,11.50501,13.89306
53.52545,10.74913,11.53589,13.81697
52.47616,10.81422,11.33351,14.00111
51.44522,10.77826,11.18313,14.16641
50.72421,10.62651,10.9894,14.27855
49.92419,10.64368,10.80826,14.22392
49.17576,10.65557,10.65195,14.16804
48.30043,10.63723,10.5554,13.91434
48.00196,10.64066,10.53484,13.77692
47.61724,10.61852,10.54105,13.68843
47.07895,10.50462,10.56317,13.5882
46.92889,10.52111,10.56168,13.49635
46.89749,10.51226,10.5457,13.61868
46.92075,10.44304,10.56212,13.71149
47.17645,10.25369,10.57233,13.86981
47.48476,10.2441,10.48003,13.84239
47.87957,10.25025,10.29967,13.80857
48.47378,10.16502,10.25488,13.71323
49.55062,10.14515,10.18984,13.64755
50.41106,10.14318,10.06453,13.6408
51.42236,10.05391,9.942335,13.77616
52.67937,10.15066,9.907007,13.68742
53.67337,10.20184,9.939775,13.63463
54.70521,10.07654,9.994816,13.71591
55.93967,9.91652,10.03744,13.86565
57.09141,9.862578,9.962788,13.95575
58.44881,9.838164,10.01861,13.98975
60.30965,9.788106,10.01223,13.84216
62.52384,9.818793,10.12427,13.5542
64.87007,9.88594,10.06425,13.31279
67.41753,9.865787,9.960627,13.28104
69.9974,9.971622,9.933195,12.8425
72.6283,9.948472,9.900747,12.65891
74.83287,9.931071,9.856405,12.38266
76.90598,9.960443,9.800325,12.22225
78.17733,10.08786,9.628408,12.16693
79.09708,10.16001,9.630342,12.33808
79.85885,10.2296,9.546974,12.67167
80.00867,10.35933,9.659201,13.56393
80.23985,10.36816,9.529644,14.71421
79.97934,10.33016,9.470005,16.06109
80.12814,10.38128,9.468737,17.41763
80.21479,10.28431,9.515665,18.40527
80.91386,10.18986,9.617682,18.82721
81.86594,10.15199,9.741875,18.92871
83.06207,10.06931,9.72648,18.55611
85.35784,9.908753,9.814026,17.98423
88.39478,9.96734,9.785948,17.19691
92.76147,9.98035,9.75923,16.53841
100.2734,10.02435,9.610151,15.87892
111.2732,9.993072,9.572437,15.30102
129.5123,10.07672,9.480206,15.18724
159.4942,10.09955,9.51306,14.87942
202.4525,10.13962,9.659208,14.79099
258.2606,10.29462,9.802856,14.74419
319.0791,10.3148,9.926071,14.78506
380.6234,10.35294,10.09423,14.98262
434.3946,10.4713,10.0976,15.24573
474.1948,10.56896,10.13376,15.4769
496.6637,10.65918,10.23769,15.71177
499.2065,10.76709,10.32686,15.86914
485.083,10.92483,10.36957,16.27771
460.3896,11.07254,10.50949,16.55904
427.2648,11.28786,10.67003,16.70328
391.7967,11.42575,10.76194,16.71489
351.8622,11.60087,10.92657,16.80739
313.5379,11.59437,10.99756,17.01824
275.9799,11.60298,10.98408,17.3671
241.4358,11.7064,11.05851,17.58385
210.9331,11.72516,11.12185,17.83146
184.3872,11.83595,11.14907,18.20239
161.9705,11.85845,11.161,18.73627
143.8161,11.88894,11.24844,19.18341
128.2083,11.98394,11.35561,19.55508
116.2876,11.92068,11.41275,19.77447
106.7961,11.98762,11.67958,20.17738
100.4204,11.99987,11.83119,20.66002
95.38192,12.25232,11.94069,21.12204
93.35226,12.50192,12.1393,21.33216
92.64267,12.65767,12.25508,21.5974
94.22371,12.8989,12.28102,21.98378
96.90433,13.05281,12.20675,22.46547
102.3827,13.04812,12.18491,22.762
110.2861,12.88071,12.11714,23.06602
122.4735,12.56972,12.12909,23.43857
141.3798,12.41337,12.35156,23.87693
170.7986,12.3411,12.39214,24.2711
210.9362,12.45659,12.46598,24.5504
259.3776,12.46012,12.64775,24.56255
308.4174,12.4426,12.80999,24.60614
355.5263,12.59487,12.8751,24.80336
393.5872,12.75689,12.86007,24.8643
419.0917,12.7451,12.80968,24.70529
428.2565,12.67117,12.77942,24.64388
422.171,12.60688,12.9281,24.67749
403.9083,12.57538,13.06439,24.58596
378.5743,12.55513,13.08471,24.55007
349.6916,12.63025,13.04891,24.5662
318.0304,12.59066,12.97853,24.43663
283.594,12.4706,13.07666,24.3506
251.2514,12.40877,13.06459,24.30422
219.5008,12.37887,12.89895,24.02461
189.4948,12.28713,12.7706,23.71696
161.8502,12.21773,12.68782,23.44653
137.637,12.09625,12.55758,23.13713
116.0849,11.94474,12.42842,22.82771
97.27939,11.83605,12.31912,22.52252
82.55047,11.79477,12.17726,22.31065
70.45276,11.71659,12.05084,22.06821
60.37433,11.5172,12.05677,21.78377
52.84796,11.38695,11.86559,21.47518
46.54646,11.27188,11.57833,21.13354
41.43076,11.17066,11.3386,20.79361
37.51205,11.10334,11.04402,20.46709
34.6571,11.03268,10.63133,20.16466
32.13435,10.87264,10.44705,19.73127
30.0269,10.77444,10.29763,19.42734
28.46075,10.71027,10.30932,19.16988
26.90372,10.60978,10.17615,18.87272
25.56643,10.44706,10.10586,18.56152
24.37341,10.29166,9.944281,18.16886
23.58046,9.972445,9.881432,17.76445
22.75212,9.684424,9.729694,17.36959
22.14318,9.57545,9.595814,17.02815
21.61739,9.427911,9.407179,16.58013
20.96795,9.209537,9.287981,16.11803
20.34533,9.0964,9.115822,15.88041
19.55369,8.987182,8.98111,15.63476
18.72646,8.976417,8.688921,15.34958
18.06227,9.006963,8.492609,15.0847
17.34932,8.91462,8.399244,14.67322
16.862,8.817128,8.330824,14.29377
16.39036,8.806777,8.18268,14.02015
15.86924,8.814601,8.122303,13.72376
15.43531,8.764411,8.137661,13.40092
15.2607,8.687457,8.117207,13.21799
15.06444,8.493575,8.133789,13.11732
14.83599,8.328267,8.128412,12.8487
14.61701,8.240901,8.143799,12.55512
14.32147,8.066497,8.0751,12.24841
13.9205,7.815063,7.995419,11.98805
13.43469,7.659085,7.841522,11.82143
13.04265,7.512744,7.688774,11.66491
12.63771,7.532603,7.559504,11.47813
12.33934,7.510785,7.517441,11.39647
12.20116,7.437177,7.320787,11.28257
11.92788,7.374452,7.239827,11.16169
11.69658,7.408616,7.132257,10.91303
11.36579,7.356004,7.095624,10.73843
10.9402,7.254457,7.007813,10.56937
10.75631,7.2004,6.929356,10.50437
10.48614,6.976466,6.887727,10.399
10.28107,6.833756,6.820518,10.19066
10.23685,6.70947,6.800828,9.9773
10.16339,6.47779,6.760338,9.745311
9.926272,6.346932,6.741457,9.636437
9.68505,6.261815,6.724546,9.474872
9.49529,6.23737,6.648663,9.418069
9.363746,6.281964,6.735334,9.311393
9.389474,6.37918,6.749325,9.260901
9.438195,6.45069,6.593711,9.189212
9.400531,6.384776,6.4123,9.076159
9.311664,6.347369,6.308372,8.972917
9.360101,6.282271,6.264664,8.942668
9.367885,6.174533,6.252025,8.868234
9.111299,6.160518,6.401856,8.852929
8.719924,6.068097,6.434554,8.786723
8.522365,6.025228,6.441856,8.824782
8.265935,6.121438,6.585698,8.708209
8.196654,6.124614,6.419227,8.569533
8.012654,6.03003,6.165115,8.464478
7.826961,5.930385,5.939904,8.229209
7.440206,5.818568,5.818726,8.13301
7.225717,5.752038,5.627395,8.109015
7.17373,5.545135,5.601624,8.033248
6.929011,5.491233,5.698146,7.974885
6.670002,5.403266,5.733992,7.968366
6.534923,5.291055,5.724773,7.906838
6.438015,5.298793,5.726506,7.80689
6.533257,5.256488,5.574109,7.634765
6.545789,5.191138,5.403461,7.530267
6.555316,5.158338,5.2652,7.38107
6.438367,5.14729,5.18655,7.40414
6.381869,5.137694,5.064898,7.485215
6.320765,5.02074,5.063829,7.540843
6.14119,5.023807,5.162465,7.711713
5.945993,5.062226,5.198748,7.702178
5.762953,4.957713,5.202039,7.626969
5.588173,4.888106,5.117794,7.501187
5.522785,4.824458,5.032201,7.363809
5.494606,4.848363,4.877575,7.194953
5.46798,4.771998,4.851151,7.073236
5.308587,4.663943,4.836182,6.932185
5.249495,4.625905,4.849594,6.836471
5.238706,4.585578,4.798262,6.618884
5.190334,4.567212,4.792631,6.559922
5.051305,4.705741,4.715055,6.456683
4.876223,4.656585,4.685602,6.460898
4.631876,4.645251,4.627929,6.376126
4.561522,4.576207,4.655501,6.404599
4.465994,4.569951,4.608143,6.332942
4.224935,4.394628,4.644052,6.328801
4.138312,4.207473,4.628901,6.277839
4.119016,4.037255,4.661268,6.303195
4.15511,3.850116,4.555121,6.271232
4.014673,3.759797,4.387311,6.304042
3.865959,3.762265,4.309679,6.36336
3.694413,3.699076,4.265479,6.491878
3.649324,3.760474,4.27128,6.408864
3.608536,3.821969,4.237163,6.299294
3.568916,3.88396,4.165602,6.200311
3.633841,3.84448,4.160508,6.108579
3.723514,3.846772,4.097755,6.02349
3.584785,3.809953,4.109949,5.948491
3.514358,3.774388,4.014763,5.936702
3.163714,3.711645,3.924388,5.969878
2.882694,3.583468,3.931304,5.993854
2.646958,3.452902,3.850039,6.023185
2.617253,3.405207,3.819238,5.980363
2.573172,3.309875,3.705902,5.945588
2.59084,3.16937,3.655107,5.925414
2.863736,3.173111,3.60361,5.918607
3.039529,3.257431,3.5389,5.902219
3.121466,3.332834,3.503524,5.772626
3.130886,3.408652,3.371382,5.813323
3.064619,3.439955,3.352199,5.861978
2.924486,3.381706,3.398719,5.716968
2.7396,3.210005,3.417174,5.604192
2.625036,3.16844,3.447192,5.448211
2.475174,3.041945,3.429907,5.250855
2.33345,2.884443,3.380259,5.153823
2.187563,2.843308,3.281373,5.012574
2.065569,2.824924,3.123095,4.880803
1.999933,2.922207,3.028146,4.761203
2.030875,2.833467,2.944147,4.776004
1.963203,2.705575,2.840406,4.721452
1.873152,2.571094,2.800067,4.78719
1.838674,2.500154,2.699878,4.980662
1.825872,2.554902,2.585961,5.01315
1.817186,2.42016,2.560709,5.095418
1.836123,2.298964,2.468377,5.134179
1.793012,2.264966,2.387358,5.005681
1.7825,2.368096,2.350685,4.959676
1.9249,2.393598,2.436648,4.898541
1.99916,2.266212,2.488724,4.767476
1.891687,2.264831,2.409653,4.620193
1.915131,2.41289,2.348373,4.677182
1.946418,2.459958,2.254178,4.67048
1.912895,2.488588,2.303907,4.620822
1.767415,2.443805,2.412857,4.59348
1.615232,2.348202,2.342638,4.556424
1.468264,2.240186,2.313338,4.576468
1.344907,2.202212,2.282979,4.607955
1.179396,2.128958,2.219478,4.66266
0.9495754,2.02949,2.084794,4.648452
0.7550297,2.001396,1.994195,4.618684
0.6816721,1.926307,1.926937,4.674241
0.6357079,1.881135,1.950492,4.679755
0.4503126,1.830996,2.023873,4.668355
0.3876772,1.827909,1.994678,4.665925
0.4675207,1.697263,1.874367,4.684373
0.4860306,1.529004,1.853457,4.662696
0.439743,1.46594,1.749863,4.546916
0.3697405,1.384082,1.658027,4.575034
0.323391,1.327041,1.607618,4.371408
0.3896036,1.318161,1.609308,4.262225
0.5059566,1.350842,1.579088,4.346124
0.4813251,1.487927,1.556695,4.295842
0.4162445,1.551427,1.46984,4.197759
0.5166035,1.61261,1.508521,4.079919
0.5475368,1.522183,1.448201,3.988845
0.434536,1.382678,1.335438,3.995946
0.3445463,1.314313,1.232058,3.86834
0.2284632,1.232994,1.166113,3.845796
0.1239691,1.354319,1.172191,3.643291
0.05033875,1.422844,1.118726,3.675342
0,1.50926,1.087018,3.809066
0.02062321,1.526319,1.155587,3.822476
0,1.572664,1.256487,3.895389
0.06807852,1.578452,1.365868,3.939095
0.017869,1.515328,1.368238,4.057048
0.06506681,1.435114,1.21841,4.219844
0.05646276,1.337119,1.133046,4.114053
0,1.191304,1.051629,4.039813
0,1.164465,1.049638,3.845271
0,1.060315,0.9018698,3.738545
0.09297991,0.9466457,0.8844013,3.76661
0.08575058,0.8843145,0.8352556,3.862447
0.09558344,0.9110136,0.8701372,4.016292
0.292304,0.955183,0.8745346,4.077724
0.261899,1.040875,0.8569098,4.168666
0.34232,0.9744625,0.73032,4.220403
0.1876287,0.8967247,0.6589785,4.089732
0.013515,0.7340736,0.6322756,3.818244
0,0.672184,0.7035437,3.497142
0.006629467,0.6162767,0.6361427,3.264546
0,0.6647568,0.6386681,3.074952
0,0.7921915,0.60746,2.98635
0.1435337,0.8097792,0.6038198,2.86563
0.2025676,0.7584753,0.5729713,2.727399
0.1801243,0.6417828,0.4535122,2.727393
0.1113133,0.3878632,0.3968306,2.807223
0.0226512,0.2972832,0.3715391,2.9127
0.05610228,0.2200909,0.3360252,2.952088
0.02582645,0.09794998,0.3995476,3.012946
0,0.1093254,0.3286219,3.037766
0,0.2830811,0.3336086,2.952893
0,0.5191793,0.2266445,2.855056
0.09205103,0.586338,0.150075,2.685296
0.1314468,0.618969,0.1414061,2.594028
0.2690439,0.5656376,0.1584301,2.48537
0.2967463,0.4657211,0.178998,2.502671
0.3786311,0.460535,0.2299757,2.56339
0.5295024,0.3479805,0.2211618,2.58738
0.49472,0.09047031,0.1419973,2.543565
0.4089923,0.0297966,0.1220484,2.579328
0.4777865,0.01970768,0.1509809,2.553082
0.3568201,0,0.1170702,2.597882
0.3574138,0.05657673,0.1402063,2.661038
0.34062,0.1408033,0.1410999,2.656545
0.3358574,0.1071367,0.1449547,2.490563
0.1729608,0.1281872,0.1231833,2.320649
0.147727,0.2022152,0.09774303,2.066144
0.179019,0.2401218,0.08919621,1.852262
0.1588535,0.2957745,0,1.558597
0.007524014,0.3915901,0.1309996,1.511827
0.06429148,0.4742746,0.2021246,1.504457
0,0.5156584,0.2902803,1.603415
0.09177399,0.654233,0.2619438,1.633975
0.0987606,0.6348286,0.2209997,1.604268
0.02074575,0.5648689,0.2031813,1.638419
0,0.628212,0.2296467,1.503049
0.09104633,0.721324,0.2213831,1.447505
0.1603823,0.8604832,0.2790747,1.374827
0.2335615,0.9693241,0.1285315,1.234498
0.06519175,1.085485,0.0943861,1.252021
0,1.16109,0,1.312184
0,1.12953,0,1.267081
0,1.025121,0,1.266374
0,0.8092337,0,1.316932
0,0.6085253,0,1.523854
0.1048288,0.4446516,0.01996613,1.650157
0.1946735,0.3851309,0.05573368,1.807143
0.3086977,0.38556,0.0396328,1.804273
0.3913779,0.4326305,0,1.817946
0.3043423,0.4809341,0,1.77106
0.37289,0.4820604,0.06126118,1.685714
0.2512898,0.5587521,0.1733017,1.412076
0.1654816,0.5492992,0.179534,1.250035
0.1427932,0.5615797,0.116189,1.119399
0.0832057,0.5728521,0.1732712,1.146024
0,0.4894505,0.1631575,1.101686
0,0.4623222,0.1936283,0.9189138
0,0.4935246,0.1535006,0.7587786
0,0.632473,0.09048176,0.6402445
0,0.5736628,0.005084038,0.4825811
0.09038401,0.5843849,0.08908176,0.3599615
0.01836443,0.6317549,0.0385685,0.2067518
0.1315432,0.5204315,0.01111221,0.1426249
0.1726341,0.5097322,0,0.1190538
0.2067938,0.5111923,0,0.1592188
0.1392446,0.5267887,0,0.1067009
0.07437706,0.6227856,0,0
0.194366,0.7801733,0,0.05630016
0.1250486,0.9857845,0.01015949,0.1073284
0.1101828,1.070416,0.01991081,0.1216097
0.1319652,1.046127,0.06441593,0.163023
0.05555534,1.040493,0.1667867,0.2931547
0.005750179,0.8113565,0.2515159,0.2900572
0,0.5889387,0.3043685,0.3096399
0.1261139,0.4670572,0.2912803,0.3151426
0.2172995,0.3780212,0.4488196,0.2627325
0.2973599,0.3820801,0.3530669,0.06370926
0.3302536,0.518446,0.113956,0
0.2756705,0.7184277,0.2156072,0
0.1657648,0.9282417,0.2232766,0
0,1.153725,0.4366813,0.001132965
0,1.641698,0.6783786,0
0,1.916639,0.8337197,0.03052425
0,2.140675,1.095711,0.1024189
0.05043316,2.284328,1.200072,0.1630993
0.1483798,2.268834,1.247081,0.2024994
0.2547216,2.377767,1.067251,0.08066654
0.291894,2.560675,1.017482,0.07077599
0.3965745,2.603255,1.050073,0.08502483
0.4153886,2.655692,1.015945,0.1361561
0.456738,2.828141,1.088862,0.1984348
0.6670008,3.226702,1.140397,0.1530199
0.6705513,3.400183,1.154238,0.2539911
0.6792159,3.46714,1.222642,0.1886978
0.5804296,3.52236,1.161954,0.09735775
0.525362,3.492185,1.175102,0.00496006
0.5910625,3.526312,1.207328,0
0.6398182,3.476317,1.323617,0
0.6327806,3.161995,1.269989,0
0.6581798,2.852059,1.31767,0.07145023
0.6589808,2.659769,1.269845,0.156146
0.6774168,2.573334,1.304907,0.2585077
0.5427151,2.381742,1.215316,0.3188362
0.4975266,2.436883,1.182076,0.4396172
0.42869,2.614277,1.090856,0.5530653
0.336771,2.786085,1.056506,0.5915604
0.3369617,3.058522,1.036643,0.6286201
0.1899681,3.21123,1.096344,0.5708103
0.1231194,3.161633,1.085846,0.5216904
0.2196927,3.059569,1.234717,0.4631824
0.3208256,3.031356,1.277817,0.4055462
0.2842078,3.027884,1.502969,0.4123783
0.2832747,3.02053,1.643793,0.5533028
0.2630801,3.066502,1.708895,0.9689779
0.2557712,3.19903,1.721575,1.418519
0.0422349,3.409123,1.700449,2.001063
0,3.685556,1.7839,2.558688
0,3.963037,1.803926,3.071595
0,4.100062,1.813846,3.369109
0,4.199563,1.785124,3.563529
0.05741119,4.48198,1.721095,3.64788
0.03095388,4.89321,1.727258,3.606519
0.04023933,5.369218,1.694821,3.374475
0.0337534,5.765372,1.565434,3.263417
0.08335352,6.365729,1.38258,3.208312
0.008488655,6.997994,1.099205,3.268443
0.1171288,7.677718,0.8251452,3.315888
0.3361812,8.401368,0.5738664,3.470143
0.5138278,8.952622,0.307034,3.677894
0.6899028,8.996598,0.1022086,3.847318
0.8195195,8.948979,0.2228599,3.936835
0.7076168,8.707328,0.4543462,3.815963
0.5635376,8.277345,0.8303905,3.743403
0.4010873,7.739903,1.213477,3.841891
0.1906056,7.215131,1.503321,3.915145
0,6.97388,1.839623,4.058795
0,6.865779,2.04842,4.270579
0.0883379,6.955672,2.095109,4.479863
0,6.957326,2.029319,4.710151
0,6.788276,2.110192,4.846562
0,6.768203,2.228024,4.948522
0.01759577,6.729556,2.206406,5.052823
0.1006603,6.746942,2.15961,5.135118
0.004097462,6.861718,2.05121,4.954228
0,6.807656,1.942234,4.55799
0,6.95683,1.768935,4.217544
0,6.839562,1.494349,3.817834
0,6.613847,1.285506,3.459723
0,6.334945,1.164796,3.190352
0,6.01888,1.128193,2.959222
0,5.645928,0.9334893,2.975728
0.1174908,5.293273,0.6588235,3.016175
0.1024199,4.893476,0.4080453,3.142455
0.06477284,4.511998,0.1637836,3.153644
0.07107067,4.177857,0,3.053412
0.1819453,3.952371,0,3.138331
0.3298547,3.627348,0,2.875459
0.2333026,3.35333,0,2.589108
0.2720637,2.973961,0.03598022,2.696641
0.3218689,2.299476,0.5072079,3.366826
0.4563558,1.955376,0.9591084,4.08541
0.3584759,2.424512,1.040804,2.631269
0.3213491,3.36688,0,0
0.1099298,4.159192,0,2.455894
0,1.770805,7.51082,23.55972
0,0,29.00121,58.99089
0,8.629259,57.98525,100.5208
0,39.3224,90.1161,141.9647
0,84.74053,119.4535,177.5291
0,138.2798,141.1276,200.6716
0.06018877,190.3086,151.0253,205.2539
0,231.8875,146.6542,188.349
0,255.9514,127.0409,153.5518
0,256.5563,100.0607,121.2054
0,230.9331,78.13467,95.78381
0,185.7721,61.03679,73.84983
0.0526017,147.0976,45.33496,54.34377
0.211851,114.5697,32.1082,38.02127
0.3309728,85.88586,20.48091,25.06428
0.3165656,62.6432,11.10348,14.58366
0.2952315,42.40184,4.193721,5.991208
0.08128011,25.22663,0.07338804,0
0,12.16434,-0.8758117,0
0,3.01749,-1.100791,0
0,0,-0.8073959,0
0,0,-0.2449768,0
0,-0.8442549,-0.006591445,0
0,-1.069583,0,-0.1120621
0,-0.716709,0,-0.1950645
0,-0.1411124,0,-0.111993
0,-0.004091047,0,-0.07893558
0,0,0,-0.01160475
